{
  "test_accuracy": 0.7716666666666666,
  "test_precision": 0.7792642140468228,
  "test_recall": 0.7664473684210527,
  "test_f1": 0.7728026533996684,
  "test_auc": 0.8437611130867712,
  "cv_accuracy": 0.73,
  "cv_auc": 0.8266825179589778,
  "timestamp": "2026-03-24T18:11:40.930092"
}