{
  "accuracy": 0.7633333333333333,
  "precision": 0.7718120805369127,
  "recall": 0.756578947368421,
  "f1": 0.7641196013289037,
  "auc": 0.8444278982930299,
  "cm": [
    [
      228,
      68
    ],
    [
      74,
      230
    ]
  ],
  "timestamp": "2026-03-24T18:12:13.545163"
}